{
  "max": 6249.830900493421,
  "peaks": [
    3672.1291118421054, 4340.049856085527, 4595.481393914473, 5737.8592722039475,
    4425.5528371710525, 3433.101254111842, 6249.830900493421, 4430.395559210527, 4414.600842927632,
    5669.133326480263, 4299.355674342105, 4030.616570723684, 4902.445929276316, 5519.2457853618425,
    4223.0506784539475, 4718.813219572368, 4205.306435032895, 3808.131476151316, 4173.7581208881575,
    4766.426912006579, 4045.5049342105262, 4759.744962993421, 5900.455283717105, 4363.371916118421,
    3666.7401315789475, 5387.401829769737, 4652.868112664473, 4843.931640625, 5288.123663651316,
    3950.0380345394738, 3861.9880756578946, 4695.942845394737, 4662.987767269737,
    4076.0317639802633, 4812.1858552631575, 4753.376541940789, 5128.888157894737, 5434.981805098684,
    5282.5213815789475, 4160.571237664473, 5261.947779605263, 5563.788548519737, 4214.279708059211,
    4318.500616776316, 5866.412931743421, 4771.437911184211, 4323.261513157895, 5914.5430715460525,
    4425.678556743421, 4863.067331414473, 4725.6975740131575, 3858.0168585526317,
    2905.7726151315787, 3326.736328125, 3349.7356085526317, 3929.0887129934213, 3795.7863898026317,
    3296.3741776315787, 3987.2655222039475, 3650.4910567434213, 3141.0948807565787,
    3335.8927837171054, 3670.6190378289475, 3774.9364720394738, 3557.8946340460525, 3791.29296875,
    3883.446648848684, 3424.814453125, 4131.395764802632, 3584.443050986842, 5316.973067434211,
    4467.391858552632, 5979.8067434210525, 4712.694490131579, 4142.783203125, 5349.156455592105,
    5462.706106085527, 4805.648951480263, 5427.454358552632, 6067.018708881579, 4750.892064144737,
    4820.024773848684, 5746.631373355263, 4704.746710526316, 4607.817742598684, 6098.004934210527,
    4728.581517269737, 4833.208573190789, 5888.018503289473, 5081.084189967105, 4958.081517269737,
    5643.239720394737, 5255.517166940789, 5212.613075657895, 5474.6092722039475, 506.447265625,
    46.61955180921053, 15.883532072368421, 5.1977796052631575, 1.6106760098928277
  ]
}
