{
  "max": 4136.958769829393,
  "peaks": [
    845.5468422627956, 1818.8264741095481, 2206.587398982341, 1586.273346303502, 1871.0832834480696,
    1977.042053277462, 1962.3893295420532, 2743.0175845555223, 3028.3015564202333,
    2512.740197545645, 2331.9065399580963, 2808.6042352589047, 2807.808889554026, 2693.244013768333,
    2909.7333882071234, 2834.9395390601617, 2561.767135588147, 2713.883492966178,
    3016.7512720742293, 2664.815324753068, 2292.670757258306, 3332.364860820114, 3245.8605956300507,
    2424.0253666566896, 3132.710939838372, 3446.4521849745583, 2788.360146662676, 3293.329841364861,
    2853.2721490571685, 2907.739149955103, 2673.2805297815025, 2974.7808290930857,
    2805.7598772822507, 2471.842337623466, 2932.1382819515115, 2923.439763543849,
    2790.1532475306794, 2518.4870547740197, 2860.006510026938, 2851.7609248727927,
    2463.1893145764743, 3257.362915294822, 3438.362840466926, 2979.046093983837, 2788.9496408260998,
    3494.278509428315, 3138.232116132894, 3555.349371445675, 2435.974259203831, 3266.3178689015267,
    3272.8793774319065, 3020.242666866208, 2812.052229871296, 2946.637982639928, 2947.657662376534,
    3160.4849595929363, 4136.958769829393, 4079.731816821311, 3713.0327746183775, 3475.672104160431,
    3914.4899730619577, 3602.050508829692, 3418.0086052080214, 3480.352663873092,
    2833.5599371445674, 2409.7550134690214, 2702.880275366657, 2898.6979197844958,
    2763.8519155941335, 2618.398308889554, 2742.1346153846152, 2828.4966327446873,
    2339.9616132894344, 2866.16043100868, 2939.449191858725, 2430.4073630649505, 2286.7715504340017,
    3353.3459293624664, 3495.1158335827595, 2931.3336575875487, 3003.1718796767436,
    3584.4599670757257, 3050.195749775516, 3001.282026339419, 1487.097949715654, 1663.875037413948,
    1647.4054923675546, 1865.422553127806, 1651.6825800658485, 1719.643594732116,
    1730.7557617479797, 1513.388581263095, 1716.3823705477403, 1674.6412002394493,
    1572.0966776414248, 1800.1784645315774, 1724.1108949416343, 1030.035917390003,
    289.8127057767136, 50.09351489617815
  ]
}
