{
  "max": 3432.2542372881358,
  "peaks": [
    369.1398977670164, 1867.8184916151017, 2066.1691328132006, 1770.3022150479778,
    945.7484530535378, 1531.4583445430903, 1887.5591426777867, 2556.489731862613, 2065.563895614743,
    2313.439691507488, 2058.3508205542103, 2678.595013900099, 1285.3665142139719, 2570.76540220608,
    1885.3328849430545, 2290.544076764416, 2099.703524347592, 2565.4908976773386, 1391.725226437091,
    2197.3598780378443, 2423.873284907183, 2356.810599946193, 1403.637252264371, 3016.8212716348307,
    3432.2542372881358, 2937.326428123038, 2872.841718231549, 2009.7457627118645, 3403.716707021792,
    2458.6353690251995, 1566.3333333333333, 1547.5535826383284, 2782.7102502017756,
    2578.6297193076853, 2356.904313514483, 2423.9256568917585, 1806.5543897408304,
    2086.5939377634295, 2485.199085283831, 2319.208949869967, 2522.066003049054, 1616.1902071563088,
    1978.2693928795625, 1427.7678235135863, 1999.1421397184108, 2149.5273069679847,
    2447.205990494126, 2095.788001076137, 3053.3107344632767, 2494.730069052103, 2955.1236660389204,
    2875.4850686037125, 1690.1546049681642, 2524.871670702179, 2168.3148596538426,
    2144.858667384091, 2848.2359429647563, 2338.2033898305085, 2229.8413595193256,
    1588.0461841987267, 1422.409559680746, 1832.5638059366872, 1589.6214689265537,
    927.1930768540938, 1409.7965204914358, 1489.9887902430276, 2034.9944399605417,
    1962.2587211909247, 1696.4620213433773, 1549.0246614653395, 2810.5222849968613,
    2262.847816339342, 1574.0475293695633, 1315.099721998027, 1869.3814007712313,
    1484.4394224733207, 2290.320509371357, 1793.828983947628, 2915.132006098108, 2555.1362209667295,
    1834.482109227872, 2255.017397542821, 1771.3730607120438, 1180.6753654380773, 2211.343556631692,
    1646.2056317819029, 3165.4126087346426, 2475.903147699758, 1797.2882252712761,
    2922.794009505874, 2656.7193973634653, 1368.7114160165008, 1568.5894538606403,
    1242.4639942606045, 991.9320240337189, 1831.274863240965, 649.8121244731415, 231.17783158461125,
    0.8450363196125908, 0.0006323396567299006
  ]
}
