{
  "max": 6136.7289994649545,
  "peaks": [
    556.07392545033, 782.5093632958801, 732.9555912252541, 813.4028000713394, 848.5065988942393,
    885.3042625289817, 876.1087925807027, 846.1657749242019, 1937.0220260388799, 2318.8309256286784,
    1987.416354556804, 2089.3565186374176, 1651.0749063670412, 2202.6906545389693,
    1950.7397895487784, 2626.1760299625466, 3436.8477795612625, 3469.7461209202784,
    3136.405921169966, 3365.5971999286608, 4596.728553593722, 4429.466292134832, 4054.306224362404,
    6136.7289994649545, 4235.549224184056, 4166.7503121098625, 3421.0211342964153,
    3546.5545746388443, 5501.053504547886, 3777.4316033529517, 4325.160156946674,
    5829.8218298555375, 3217.3484929552346, 5093.01293026574, 3421.22480827537, 3389.390404851079,
    3268.6352773319068, 3609.368378812199, 4563.637149991083, 5479.2202603888, 3506.1069199215267,
    4990.039593365436, 3357.8204030675943, 3075.8145175673267, 3010.13367219547, 3685.906099518459,
    4264.017656500802, 5150.994382022472, 2370.7286427679687, 2150.5217585161404, 2164.706260032103,
    3811.576689851971, 2840.5921169966114, 2742.3888888888887, 2347.4222400570716,
    3558.225878366328, 3944.609595148921, 3620.2660067772426, 3772.3356518637415, 4170.802122347066,
    3825.3411806670233, 4011.604868913858, 4316.8638309256285, 5679.721152131265,
    3660.9903691813806, 3201.1704119850187, 3919.564027108971, 3961.4142143748886,
    3577.5451221687176, 4149.527019796683, 4817.668628500089, 5362.210629570181, 4122.019350811485,
    4146.44025325486, 3428.936329588015, 3371.933476012128, 4216.833957553059, 4874.298912074193,
    6021.600499375781, 4140.477795612627, 3173.062957018013, 2560.166488318174, 2873.6630996968074,
    2764.2300695559125, 2956.286784376672, 4574.6408061351885, 5127.619761013019,
    3798.5936329588017, 4231.732031389335, 3361.5393258426966, 4740.944890315677, 4259.677367576244,
    4364.397271268058, 4906.5969324059215, 4878.093187087569, 4063.257267701088, 2540.634207240949,
    206.1538255751739, 12.48653468878188, 2.380687427084268
  ]
}
