{
  "max": 5164.852375690608,
  "peaks": [
    523.3569060773481, 1749.7496132596684, 3045.475138121547, 2657.0141436464087, 2639.830055248619,
    3484.297900552486, 2263.2731491712707, 1767.9363535911602, 1832.948729281768, 1931.947182320442,
    2838.1942541436465, 2263.3365745856354, 3289.8072928176794, 2117.914917127072,
    2551.904309392265, 3081.6260773480662, 2028.7091712707183, 1629.5354696132597,
    1609.9051933701658, 2395.106961325967, 2656.6194475138122, 2357.361104972376, 3524.485303867403,
    2106.4360220994477, 2950.2444198895028, 2715.1975690607733, 1824.1319337016575,
    1674.2406629834254, 1578.2691712707183, 2530.3699447513814, 2318.1717127071825,
    3009.4780110497236, 3031.1544751381216, 2828.566408839779, 3716.404861878453,
    2803.9222099447516, 2264.3573480662985, 2208.364861878453, 2019.838232044199, 3899.27138121547,
    4310.187182320442, 4231.186077348067, 3881.8002209944752, 4066.2008839779005, 4605.207955801105,
    4105.387182320442, 3512.785414364641, 2949.7595580110496, 3906.5116022099446,
    4406.6492817679555, 4154.776574585635, 4159.219668508287, 2932.213038674033, 4223.187845303867,
    4025.883093922652, 3715.211049723757, 3602.592486187845, 3503.728397790055, 3662.786961325967,
    4052.737679558011, 3547.7549171270716, 4315.305635359116, 2958.1451933701655, 4485.259447513812,
    3939.7588950276245, 3134.0930386740333, 3257.5403314917125, 2990.2165745856355,
    3936.61635359116, 3978.7250828729284, 3664.644419889503, 3839.5834254143647, 3766.990276243094,
    4381.208618784531, 3945.8824309392267, 3320.942762430939, 2679.2908287292817,
    3173.4331491712705, 4208.339889502762, 3806.82364640884, 5164.852375690608, 4754.742320441989,
    3917.8101657458565, 3678.2450828729284, 2598.3493922651933, 2815.1429834254145,
    968.8983425414365, 371.0214364640884, 373.1511602209945, 314.26939226519335, 347.89944751381216,
    439.300773480663, 368.45436464088397, 50.651049723756906, 12.202651933701658, 2.19292817679558,
    0.5659668508287293, 0.01723756906077348, 0, 0
  ]
}
