{
  "max": 6097.9090728015135,
  "peaks": [
    4363.096205557215, 5741.526740364506, 5003.099392490788, 5695.489692261727, 5268.233044517478,
    6046.6136838960265, 5034.081963947814, 5187.313813365203, 4885.1091524748535, 4012.555621950005,
    3872.303854197789, 4092.9314809281946, 5170.398565879893, 5482.066726421671, 5589.989941240912,
    4822.758191415198, 5200.378846728414, 4436.709291903197, 3592.2654118115724, 4769.2429040932175,
    5081.312817448461, 5231.392291604422, 4986.410118514093, 4167.121302659098, 4742.5911761776715,
    6097.9090728015135, 5545.982372273678, 5975.586893735684, 5487.7750224081265, 5632.151080569664,
    5021.2456926600935, 5140.783487700428, 5499.760780798725, 4190.0618464296385, 4229.189622547555,
    4933.441589483119, 5456.671048700328, 5304.570560701125, 5523.592570461109, 5745.719051887262,
    6068.219101683099, 4151.838462304551, 4217.812269694254, 4169.381137336919, 5500.285529329748,
    5229.437705407828, 5239.417986256349, 4832.374265511403, 4950.960362513694, 4956.062543571357,
    5442.834179862563, 5635.439996016333, 4960.960561697042, 6057.535305248482, 5600.993626132855,
    5255.9042924011555, 5926.581217010258, 5091.837167612787, 3860.0009959167414, 4869.819838661488,
    5851.109849616572, 5327.962155163828, 4798.835972512698, 5319.269096703516, 4947.781097500249,
    5073.584503535504, 4890.323672940942, 4954.596155761378, 4482.999402449956, 6071.064336221491,
    4822.392391196096, 5550.041330544766, 4099.257046110945, 4648.631212030674, 4168.298974205756,
    5840.661288716264, 4348.934867045115, 5716.058659496066, 4317.519470172294, 5080.210337615776,
    4700.727417587889, 4551.311024798327, 4123.994522457922, 4396.798028084852, 4453.5560203167015,
    5262.251369385519, 4739.382730803704, 5735.568867642665, 5150.740862463898, 4610.069514988547,
    3491.3406035255452, 3922.17408624639, 3906.7508216313117, 5361.0689174385025,
    4667.6736380838565, 4610.84563290509, 4704.522059555821, 2856.8569863559405, 46.465292301563586,
    0.9217017876760212
  ]
}
