{
  "max": 2573.22230416257,
  "peaks": [
    920.1096361848574, 934.130858734841, 1040.7530317928547, 1038.3409537856442, 1150.2728613569323,
    982.5298262864635, 944.3303015404786, 1016.9623074401835, 937.9097017371354, 1072.2944936086528,
    1064.4265814487053, 996.4500983284169, 609.4153556211078, 2003.0519501802687,
    1466.3658636512619, 1678.3084234677156, 1952.2616355293346, 1579.7781055391674,
    1702.3150606358572, 1621.5524418223533, 1610.4114224844313, 1844.1569977056702,
    1728.9809078990495, 1814.5850540806293, 1861.2869550966896, 1546.1994428056375,
    1640.7613897082924, 1737.9668960996394, 1651.0355621107833, 1786.2543428384135,
    1618.3184201901015, 1929.6624057686004, 2306.8082595870205, 1779.5965257292692,
    2065.8527531956734, 2413.2496722386104, 1511.6741232382826, 1463.3867584398558,
    2020.3038348082596, 1766.4773025237628, 1973.7182071451982, 1949.7809734513273,
    1983.7245984922977, 1935.8575876761718, 1880.6374139626353, 1796.3276794493609,
    2047.6042281219272, 1942.882415601442, 1650.3742215666994, 2171.381022615536,
    2430.0898885611273, 1874.4401835463782, 1610.8940511307767, 1939.123156342183, 1843.24713208784,
    1604.149623074402, 1877.7622091117667, 2154.9886102917076, 1563.6311864962308,
    1730.0562930186825, 2384.2871189773846, 2198.98885611275, 2280.5449852507377,
    2304.6439691904293, 2032.0703867584398, 1972.586529006883, 1910.4051130776795,
    2222.550475254015, 2411.8184201901017, 2097.6659292035397, 1999.2059980334316,
    2164.3001474926255, 2319.8149786955096, 1961.8513602097673, 2316.494837758112, 2573.22230416257,
    2249.9920517862997, 1621.1256964929532, 1920.8498033431663, 2446.4756637168143,
    1828.516306129138, 1944.7704850868568, 1913.9075712881022, 1904.8305473615208,
    1721.5176991150443, 2201.7176335627664, 2273.436496230744, 2522.6443788921665,
    2103.356522451655, 2276.69075712881, 2134.3489019993444, 1874.6576532284496, 2279.4693543100625,
    2008.295886594559, 1896.2554080629302, 2433.7735168797117, 1850.4722222222222,
    1769.495001638807, 206.29154375614553, 2.473076605920673
  ]
}
