{
  "max": 7255.688591800356,
  "peaks": [
    3147.8524064171124, 3501.230303030303, 4116.385561497326, 2950.225311942959, 3103.9982174688057,
    3685.2983957219253, 3145.9279857397505, 3839.95935828877, 3188.7044563279856,
    3101.4960784313726, 5167.0442067736185, 4362.177896613191, 5262.363101604278,
    4029.7573975044565, 4225.757397504456, 4542.294117647059, 4186.896256684492, 4951.507843137255,
    4233.570766488414, 4554.713725490196, 5071.846167557932, 3911.5139037433155, 4450.845989304813,
    3819.2106951871656, 3891.7524064171125, 5669.849019607843, 4271.1880570409985,
    4697.739215686274, 4528.082709447415, 4183.350802139037, 5767.080213903743, 4491.652406417113,
    6110.8420677361855, 4104.598930481284, 4300.64688057041, 5080.000713012478, 4369.241354723707,
    5473.207308377897, 7255.688591800356, 5957.720677361854, 5843.006951871658, 4229.173796791444,
    7175.035115864528, 3845.0666666666666, 4329.529055258467, 5437.559180035651, 3891.256684491979,
    5697.6629233511585, 6903.81889483066, 6098.072727272727, 5331.886096256684, 4352.770409982175,
    6550.608912655972, 4943.266844919786, 3968.5110516934046, 5482.35311942959, 4047.825668449198,
    5905.775579322638, 4033.6811051693403, 4869.069875222816, 5387.308199643494, 4400.203030303031,
    6012.790196078431, 4585.487878787879, 5004.066488413548, 5467.742602495544, 3737.298217468806,
    5442.460427807487, 3331.6736185383243, 4754.178253119429, 3058.9060606060607, 2574.67807486631,
    2275.97807486631, 1973.4032085561498, 2489.835115864528, 2170.0969696969696, 2209.010873440285,
    2120.5260249554367, 2437.5811051693404, 2220.1311942959, 2379.6409982174687, 2559.7893048128344,
    2203.59679144385, 2031.0540106951871, 2487.8502673796793, 2093.144028520499, 2129.075579322638,
    2265.692156862745, 2128.408734402852, 3671.9401069518717, 4469.973262032086, 264.5367201426025,
    5.965597147950089, 0.024955436720142603, 0, 0, 0, 0, 0, 0
  ]
}
