{
  "max": 2785.763981196304,
  "peaks": [
    1589.3982276976278, 1483.0559247852163, 1578.0197763008591, 1762.8374128708056,
    1795.9019830334469, 1754.646079861674, 1809.4630680283135, 2014.772518506511,
    1818.6081482682227, 1665.9457502566597, 1820.4651753390608, 1916.9412654671205,
    2103.1126600745665, 1789.983465715675, 1745.2969687145405, 1619.3542443399795,
    1651.2849732533637, 1555.732317501486, 1763.79180850489, 1678.2721672880532, 1570.8153131247636,
    1464.9445615172638, 1895.5848597827849, 1633.1978170422003, 1603.2725455233156,
    1635.6539147349652, 1604.5343383584589, 1523.3592154319988, 1567.82190522505, 2081.377640892635,
    1783.4102231588047, 1681.2775706489435, 1565.6194953260929, 1483.2480142648728,
    1627.6178202842168, 1736.1591289782245, 1854.6674771708003, 2069.005187226455,
    1906.1203328470308, 1845.251904684714, 1740.2891338412492, 1937.924569081969, 2001.159399146269,
    1894.9455881558329, 1605.979683363052, 1712.6486194412926, 1707.8168260658128,
    1555.9621224401578, 1919.885935051602, 1706.0189657967255, 1714.3751013130168,
    1600.6352731398931, 2240.6968174204353, 1532.35224509645, 1640.9015507645756,
    1598.5671367590642, 1707.8019127897553, 1671.223537040039, 1648.03404117361, 1851.4788998757226,
    1715.4299994596638, 1560.12876209002, 1532.129842762198, 1555.4921381099043, 1883.493488950127,
    1699.8000216134435, 1764.3344140055115, 2057.288701572378, 1605.4589614740369,
    2385.898038579997, 1614.66650456584, 1933.9603933646729, 2053.3111795536825, 1787.2771924136814,
    1646.8075863186903, 1736.6843356567786, 1614.5882639001459, 1639.1857135138057,
    2553.707408007781, 1970.9549900037823, 1586.7505268276868, 1674.8092073269574,
    1638.826444048198, 2785.763981196304, 1692.6653158264442, 1585.0710001621007,
    1601.0624628518938, 1899.6365159128977, 1807.5809693629437, 1704.2267790565732,
    1812.369806019344, 1561.8187172421246, 362.0169665531961, 3.6778516237099477, 0.378289295942076,
    0.002647646836332199, 0, 0, 0, 0
  ]
}
