{
  "max": 6310.429623287671,
  "peaks": [
    334.16506849315067, 850.9994863013699, 954.1907534246575, 885.1878424657534, 1044.7481164383562,
    1142.8458904109589, 1509.0258561643836, 1511.1614726027397, 1896.5198630136986,
    2278.939383561644, 4687.152397260274, 4079.748287671233, 3468.5529109589042, 3720.17448630137,
    3277.7044520547947, 3326.7395547945207, 3552.839897260274, 2903.7628424657532,
    3487.7020547945203, 3469.9164383561642, 3925.6789383561645, 3788.1801369863015,
    3577.8618150684933, 3396.1847602739726, 3765.672260273973, 3541.0546232876713,
    3474.6104452054797, 3956.1832191780823, 4529.102739726028, 2977.206164383562,
    3391.3933219178084, 3460.624315068493, 3246.038698630137, 4530.420376712329, 4000.7200342465753,
    6103.521061643835, 4555.461643835616, 3595.6717465753422, 3808.3635273972604, 3441.633219178082,
    4413.5645547945205, 3874.0609589041096, 3664.3474315068493, 4869.861815068493,
    5448.803424657534, 4731.869863013699, 4875.734589041096, 5551.497431506849, 5031.6895547945205,
    4781.578082191781, 4697.403424657534, 4897.43852739726, 4780.805993150685, 4865.079965753424,
    4692.5857876712325, 4850.314897260274, 4733.135958904109, 4856.427568493151, 5606.527226027397,
    4464.070205479452, 5347.258390410959, 4565.466609589041, 4196.921232876713, 4378.890582191781,
    5136.282191780822, 5239.148116438356, 4507.18698630137, 4043.4460616438355, 4589.9631849315065,
    4563.214212328767, 4763.335445205479, 5415.502226027397, 6181.431335616438, 6310.429623287671,
    4808.77756849315, 4663.937157534247, 3897.379794520548, 4678.979452054795, 5107.626712328767,
    4674.906335616439, 5021.3375, 6057.920034246576, 6239.945890410959, 5016.329794520548,
    5534.587157534246, 5036.647602739726, 5724.301712328767, 4969.499315068493, 5401.154965753424,
    5120.8275684931505, 5639.176712328767, 6060.650342465753, 3269.0260273972603, 665.7590753424657,
    257.41301369863015, 109.57842465753424, 49.105308219178085, 21.350342465753425,
    7.813356164383562, 1.8113013698630136
  ]
}
