{
  "max": 4204.778413524057,
  "peaks": [
    3887.628088426528, 2268.4707412223665, 2376.145123537061, 1822.4681404421326,
    1754.0348504551366, 1998.1695708712614, 4093.0278283485045, 3738.1308192457736,
    2759.005721716515, 2242.7760728218464, 1569.0104031209362, 1183.6483745123537,
    3353.3760728218467, 3488.1237971391415, 3006.8803641092327, 3183.468400520156,
    2340.8015604681405, 2389.7243172951885, 2496.7633289986998, 2917.301690507152,
    1675.2007802340702, 1759.8018205461638, 1214.0832249674902, 1600.4944083224968,
    2097.135500650195, 4147.184395318595, 4000.855656697009, 2829.898569570871, 2963.8621586475942,
    3338.007282184655, 4204.778413524057, 3307.160988296489, 2874.0418725617687, 1857.0907672301691,
    1230.462678803641, 1586.0720416124836, 2072.5146944083226, 3569.185175552666, 2153.712353706112,
    2125.29466840052, 3987.3232769830947, 2620.0020806241873, 2311.0187256176855, 3381.245513654096,
    2956.906631989597, 2551.835630689207, 3588.1045513654094, 2087.9734720416127,
    3147.6387516254877, 2241.3133940182056, 4203.104031209363, 2572.084265279584,
    3295.5927178153447, 2006.3932379713915, 1877.0252275682706, 1626.019245773732,
    3565.219245773732, 3950.545123537061, 3108.9383615084525, 3662.5308192457737,
    2243.4998699609882, 2157.8327698309495, 3008.305851755527, 2483.404421326398, 3214.656957087126,
    2333.4538361508453, 2839.9612483745123, 2282.7875162548767, 2849.430169050715,
    3356.0231469440832, 2650.281144343303, 3938.815344603381, 1349.2918075422626,
    1715.3518855656696, 1687.1058517555266, 3858.7927178153445, 2532.5027308192457,
    3313.9183355006503, 1939.444733420026, 1921.7607282184656, 1604.804421326398, 3809.688426527958,
    3899.9851755526656, 3183.568530559168, 3662.723276983095, 2412.0616384915475,
    2317.2998699609884, 3486.892847854356, 2483.6486345903772, 2970.5261378413525,
    2324.530299089727, 2867.5084525357606, 1928.9560468140442, 1774.9711313394018,
    2410.0634590377113, 2483.729518855657, 3771.569830949285, 1227.0059817945385, 813.9276983094928,
    71.27306468716861
  ]
}
