{
  "max": 2750.9377762856025,
  "peaks": [
    2499.80913211348, 2680.9989927816014, 2219.8509316770187, 2189.9171842650103,
    1990.3802249454423, 1982.4763583459235, 2328.474064126238, 2254.7492585753457,
    1933.294779251301, 2146.3453080409604, 1881.2335627553018, 2141.21515304124, 2536.330087851827,
    2552.20519277041, 2613.092496222931, 2013.1203625986234, 2186.711655755134, 2471.6025963852053,
    2225.600470035253, 2200.3440210396734, 2282.2769850595937, 2100.721616025964,
    2181.3384253819036, 2279.252252252252, 1999.41961837614, 2144.3621509708464, 2034.3880588663196,
    2114.391528174137, 1650.6344916344917, 1860.8783504000896, 2481.7227911140953, 2351.4774215209,
    2107.323149236193, 1464.5038889821499, 1727.1507470203123, 2105.8586536847406,
    2320.472217559174, 2616.430473952213, 2323.2005483744615, 2013.9175200044765, 1922.389289911029,
    2452.307257568127, 2182.299367690672, 2424.9521011694924, 2235.1149907671647,
    1907.8203793855969, 2162.2733478820437, 2365.0609367131106, 2236.550556767948,
    2577.9458340327906, 2212.655643220861, 1998.084774215209, 1936.117900509205, 2347.046835655531,
    2099.0208158469027, 2282.0059873538135, 2110.9857870292653, 1692.199709025796,
    1603.8347602260646, 2086.0129819260255, 1745.4031111857198, 1929.7368362150971,
    2255.5907335907336, 1657.1525935873763, 2113.45531867271, 2199.3531419618375,
    1989.8706283923675, 1539.247328073415, 1620.667506015332, 1620.944435118348, 1652.5769682726204,
    2136.7324716020366, 2046.44317609535, 2485.1132561132563, 2321.6800962453135,
    2132.3624867103126, 1762.3601365340496, 1969.5076380728556, 2750.9377762856025,
    2612.906160819204, 2341.7838397403616, 2008.539701191875, 2110.468972077668, 2018.457892675284,
    1736.437692350736, 1746.6188237927367, 1979.337250293772, 1985.8396844049018,
    1831.0761009456662, 2035.9923339488557, 2059.5613004308657, 1987.1683733422865,
    1470.926976666107, 1718.278216104303, 1830.9726931900846, 2626.9697274914665,
    1254.3415029936768, 8.801130322869453, 0, 0
  ]
}
