{
  "max": 6220.8245010900555,
  "peaks": [
    879.220107328526, 659.2170048633238, 986.0450276706356, 1229.4436525238973, 2426.0399127955725,
    2540.342277377159, 2605.950276706356, 2690.8595505617977, 2202.528509139695, 4137.1359215160155,
    4059.643719604226, 3356.9970652356196, 4293.885628039578, 5359.848566157974, 4119.822824081838,
    4395.9500251551235, 5011.6734865000835, 3748.8011068254236, 3880.144558108335,
    3740.8419419755155, 4326.077310078819, 4695.018698641623, 5192.651349991615, 4528.181200737884,
    4771.045027670635, 5063.056682877746, 4531.218262619487, 4539.398121750796, 4626.220694281402,
    4333.273016937783, 3980.466627536475, 4087.1629213483147, 3994.636256917659, 4137.149086030521,
    3100.8629045782322, 4200.070518195539, 3560.6057353681035, 4155.745346302197,
    3834.0242327687406, 5351.097098775784, 4295.711135334564, 3678.261697132316, 4980.478534294818,
    3059.839258762368, 6220.8245010900555, 4108.132399798759, 4177.959667952373, 4172.953211470736,
    5579.065151769244, 3829.248364916988, 4311.64698977025, 3835.806976354184, 3495.479121247694,
    4638.552825758847, 4276.32005701828, 4682.980127452624, 4119.67985913131, 4620.392000670803,
    4188.987673989603, 4012.4497736038907, 3797.0264128794233, 4153.58418581251, 4919.201240986081,
    4170.755240650679, 4341.602549052491, 4206.735703504947, 4317.711973838672, 3807.995639778635,
    4626.517860137515, 3310.271172228744, 3076.4807982559114, 2788.9491866510148, 2048.525825926547,
    1426.977863491531, 1469.9601710548382, 610.5137514673822, 1935.7479456649337, 915.0279221868187,
    830.2758678517524, 1170.3086533624014, 2025.3711219184975, 1180.4195036055676,
    756.9034043266812, 1114.1976354184135, 2978.896444742579, 1630.4700654033204, 633.0244004695624,
    508.2129800436022, 2891.916149589133, 1789.7173402649673, 1188.7081167197719, 641.0508133489855,
    870.9368606406172, 868.9075968472246, 32.75264128794231, 0.06288780815025993, 0, 0, 0, 0
  ]
}
