{
  "max": 4251.01338317757,
  "peaks": [
    3924.6295327102803, 4004.817046728972, 3710.5742056074764, 3732.121196261682,
    3511.8688598130843, 4142.978392523364, 3320.330317757009, 3609.4844859813084,
    3878.6942056074768, 3873.5886355140187, 3788.4323738317757, 3336.0971962616823,
    4096.342803738317, 3796.9707663551403, 3421.865794392523, 3383.457420560748, 3583.8479252336447,
    3457.005308411215, 3519.812112149533, 3550.337046728972, 3912.4877009345796, 3937.996710280374,
    3834.9537943925234, 3711.1031028037382, 3517.709981308411, 3302.8372336448597,
    3476.547813084112, 3313.8019439252334, 3676.389308411215, 4251.01338317757, 3586.973308411215,
    3652.236635514019, 3435.7404112149534, 4023.1885607476634, 4095.203663551402,
    3991.1021308411214, 4062.004934579439, 3644.119028037383, 3660.835289719626, 3758.869906542056,
    3417.6471775700934, 3606.5974579439253, 3528.1905794392524, 4041.3766728971964,
    4180.302056074766, 3416.635738317757, 3107.095327102804, 3666.6108411214955, 3553.732411214953,
    4169.3451214953275, 3746.6210841121497, 3375.5464672897197, 3880.6333457943924,
    3109.321719626168, 3361.1671775700934, 3454.671476635514, 3767.149831775701, 4166.847775700935,
    3381.851663551402, 3450.7252336448596, 3784.7042990654204, 3445.6572710280375,
    3875.1833271028036, 3468.796336448598, 3593.430280373832, 3686.4451588785046,
    3140.2178691588783, 3991.337719626168, 3939.234691588785, 3533.8589158878503, 3573.670504672897,
    3463.089046728972, 3394.7628411214955, 3866.76785046729, 3148.5746542056077, 3927.176,
    3775.8429158878503, 3229.1438504672897, 3433.9073644859814, 3783.6318504672895,
    3422.1827289719627, 4173.012635514018, 3734.67476635514, 3926.8817196261684, 3882.7703177570093,
    3387.511775700935, 3501.639401869159, 3692.459588785047, 3826.509831775701, 4205.086728971963,
    3778.2521869158877, 3949.32261682243, 3836.29323364486, 3334.9656822429906, 3631.6668411214955,
    4054.9629906542054, 4134.62676635514, 597.3793644859813, 54.70489719626168, 0
  ]
}
