{
  "max": 4659.008084393177,
  "peaks": [
    0.00009859016070196194, 3179.435669920142, 3324.894015577245, 3784.3854875283446,
    3359.7904959085085, 3847.45085280489, 3274.8033126293994, 3446.8274672187717, 3497.24154589372,
    3393.7774820072955, 3886.4682046731737, 3221.089618456078, 3820.2120674356697,
    3380.321502514049, 3684.6240757172436, 3445.557034407966, 3553.831016464557, 3915.493936705117,
    3629.817608202701, 4000.232574189096, 3582.2518978605935, 4010.2575174997537,
    4071.3725722172926, 4085.220940550133, 4206.0520556048505, 4268.618160307601, 4394.407670314503,
    4227.756186532584, 4521.0952380952385, 4277.683821354629, 4182.534161490683, 4082.8635512175883,
    4291.149265503303, 4450.1782510105495, 4323.844523316573, 4480.591935324855, 4469.392093069112,
    4303.202997140886, 4043.3214039238883, 4331.560485063591, 4329.691807157646, 4255.868184955141,
    4659.008084393177, 4301.066252587992, 4439.03233757271, 4132.565808932269, 4310.096026816524,
    4263.46209208321, 4333.907522429262, 4378.198757763975, 4328.472937000887, 2326.9111702652076,
    1913.9171842650103, 2000.452824608104, 1924.4827960169575, 1906.8059745637386,
    1999.2144335995267, 1555.068125801045, 4308.363107561865, 3987.205757665385, 4050.3600512668836,
    3867.343981070689, 3849.8251996450754, 3947.4434585428376, 3270.764763876565, 4448.782411515331,
    4054.305432317855, 4087.7421867297644, 3884.0250419008185, 3788.035393867692,
    3830.8608892832494, 3681.1744059942816, 3761.091688849453, 3839.98876072168, 3936.3561076604556,
    4038.7875382036873, 3990.841861382234, 4028.7559893522625, 3719.7253278122844,
    3927.319629300996, 4071.109237898058, 4131.081041112097, 4061.4238391008575, 4206.788425515134,
    4076.4870353938677, 4032.358671004634, 4277.57162575175, 3927.2237996647937, 4213.957409050577,
    4050.338755792172, 4102.8167208912555, 3943.8917480035493, 4304.9005225278515,
    4095.936507936508, 4234.941141674061, 4321.603273193336, 4078.3726708074532, 2845.9891550823227,
    1279.4464162476586, 174.41419239904988
  ]
}
